Group;cluster;area;gravelius_index;centroid_lat;centroid_lon;mean_elev;main_land_use;annual_avg_tp;annual_avg_t2m
02G/01H;A;170.0800479;1.67766653;41.94035357;-8.392403893;957.4144;333;1228.599407;12.38664695
03I/03H;A;11.09984773;1.431059195;41.76631819;-8.095293911;1064.7269;333;1417.040502;11.47292843
03J/01H;A;103.128;1.652668802;41.83569074;-7.81479371;1064.6217;512;940.8990228;10.42438792
03K/01H;B;77.37411303;1.595926914;41.76773237;-7.68813456;1160.4275;333;700.081614;11.46854187
03L/01H;B;101.6992829;1.538121321;41.75505584;-7.598451423;662.5215;334;742.0402931;12.2871704
04J/02H;A;13.981;1.461473479;41.62933729;-7.99694428;976.6268;333;1311.568149;11.85888979
04O/02H;B;284.3503151;1.471805097;41.66935019;-6.993705067;767.334;324;829.4135498;12.36194742
05E/01H;A;234.6513414;2.126334812;41.46822796;-8.533382725;288.6242;324;1419.634994;14.36645684
05G/01H;A;65.16357081;1.711645882;41.45912607;-8.28052658;950.1993;324;1585.735844;13.46419606
05J/01H;A;54.46553534;1.503095486;41.37549585;-7.815459715;160.5149;512;1218.176187;11.69959595
05K/01H;B;49.7402183;1.475795705;41.49864095;-7.706026812;210.9744;333;697.7875069;11.82142394
07L/02H;B;218.8153036;1.921879842;41.05187445;-7.408214561;682.5513;512;672.0324546;12.8288865
08L/01H;B;171.2697424;1.686957595;40.82952114;-7.444372192;617.6549;333;611.7199222;12.43543048
08O/01H;B;404.857087;1.867128766;40.76064583;-7.215144137;771.6593;512;386.2241833;13.03806443
09F/01H;A;112.8065705;1.674399034;40.87636385;-8.459756127;745.1337;324;1275.990024;14.28285428
09M/01H;B;86.3104194;1.393934035;40.71217929;-7.327084291;653.7355;324;630.5258609;13.10798475
09O/02H;B;269.0605566;1.949787352;40.61945004;-7.078268695;755.679;334;602.0280815;12.55053721
10K/06H;B;66.80206813;1.611489389;40.47741099;-7.622838056;629.9544;333;936.7182297;12.20854517
10L/02H;B;51.84899068;1.835387308;40.56269217;-7.47825501;36.9916;334;763.6041607;12.89880945
10M/03H;B;121.2348652;1.543005633;40.46550676;-7.469366878;437.2174;333;788.9097393;11.85120472
11L/01H;B;27.89929942;1.396851689;40.34609685;-7.578313391;247.0042;333;687.572529;11.25210307
11M/01H;B;50.64694509;1.435964061;40.44738034;-7.526572196;735.8874;333;808.3945149;11.47140208
12E/01H;A;51.93363315;2.011673097;40.25013488;-8.771988467;259.1864;512;749.0894384;15.27147211
12G/02H;A;502.5558401;1.866177172;40.15249415;-8.10514266;183.7805;334;916.5274029;13.69126887
13F/04H;A;467.6076583;1.607310259;39.9368594;-8.599442918;188.2385;324;741.843285;14.85107566
13H/03H;A;5.918433984;1.35788961;40.03006676;-8.296107544;98.7361;334;711.0298967;13.72936853
15E/03H;C;188.4186294;2.053265649;39.62143399;-8.819326955;461.5609;333;772.1133696;14.71421902
15G/02H;C;606.685699;1.883543599;39.78452026;-8.491766664;247.6145;324;817.1134602;14.80421227
16G/01H;C;1061.646069;1.982159707;39.7146117;-8.4838135;284.2614;512;749.7459793;15.00134347
17F/03H;C;161.777653;1.571012989;39.47161911;-8.722075979;467.8406;324;697.1493821;15.05932317
18E/01H;C;179.1879552;1.68046831;39.31074495;-8.932199752;111.2475;324;599.0743149;15.72031798
18I/01H;C;647.2444753;1.832359061;39.3528398;-7.84740929;341.5182;512;631.1141495;16.04698949
18K/01H;D;665.5559863;1.681341512;39.26232847;-7.603707377;214.819;512;610.0215407;16.04988353
18L/01H;D;245.8205079;1.461054499;39.24015971;-7.478970714;110.9528;512;456.1777403;15.76018299
19C/02H;C;114.5249014;1.454993651;39.09352814;-9.08458551;177.4383;324;594.3524131;15.59264134
19M/01H;D;140.1796594;1.454719716;39.1124557;-7.432384464;303.4978;324;419.456307;16.32722476
19N/01H;D;229.7950298;1.448411624;39.20002144;-7.325843271;236.3126;324;600.6470736;15.85291098
19N/02H;D;128.4706765;1.530694681;39.01777548;-7.316617718;154.2256;324;554.4296989;16.34452719
20I/04H;D;616.5277353;1.629063277;38.82221836;-7.770592958;303.5215;512;366.8392426;16.28753783
24H/03H;C;468.3092345;2.11225987;38.41949137;-7.997934778;204.7154;512;377.2174839;16.78709156
25G/02H;C;221.07305;1.498247585;38.03149289;-8.528619336;146.0552;512;413.0465036;16.50488945
25G/04H;C;196.9061423;1.529029872;38.13096802;-8.546831599;83.3212;512;539.2749012;16.37911134
26F/02H;C;146.6545625;1.527106934;37.94781843;-8.633936808;139.0101;324;532.5648294;16.42726902
26J/01H;C;175.6403098;1.587977265;37.77190197;-8.054111899;148.246;324;340.3162571;16.74110948
27I/01H;C;51.46502281;1.608561232;37.73430175;-8.089718155;188.2337;324;361.0117282;16.62541498
28K/02H;D;480.7821864;2.064258391;37.59543019;-7.909941016;210.3357;512;449.0163584;16.79413853
28L/02H;D;408.7245494;2.496487956;37.41443557;-7.859615292;220.2701;324;320.5294425;16.85704265
29L/01H;D;284.3173474;1.833174021;37.28127625;-7.782038346;271.6223;324;327.0406235;16.9871199
29M/01H;D;399.0115808;2.037331621;37.37737643;-7.74478918;240.5537;324;419.6644626;17.11578654
30L/02H;D;62.09032504;1.433323071;37.21705683;-7.643512279;141.2108;324;417.4840488;17.84661222
30L/04H;D;56.79686899;1.706217351;37.27274701;-7.631737494;285.1196;324;453.5631968;17.53159209
31H/02H;D;322.2036412;1.838301937;37.21145776;-8.084010031;107.2915;324;490.1616282;16.50169849
31K/03H;D;132.3552383;2.115127642;37.19553134;-7.793206724;101.6736;324;435.4883567;17.24974204
